{"cameraMode":{"drawMode":0,"name":"Shaded","section":"Shading Mode"},"sceneLighting":true,"audioPlay":false,"sceneViewState":{"showFog":true,"showMaterialUpdate":false,"showSkybox":true,"showFlares":true,"showImageEffects":true,"showParticleSystems":true},"in2DMode":false,"pivot":{"x":-2.2532081604003908,"y":-7.260936260223389,"z":4.354628086090088},"rotation":{"x":0.32512933015823367,"y":0.6275147795677185,"z":-0.32455500960350039,"w":0.6286534667015076},"size":16.883939743041993,"orthographic":false}