{"cameraMode":{"drawMode":0,"name":"Shaded","section":"Shading Mode"},"sceneLighting":false,"audioPlay":false,"sceneViewState":{"showFog":true,"showMaterialUpdate":false,"showSkybox":false,"showFlares":true,"showImageEffects":true,"showParticleSystems":true},"in2DMode":false,"pivot":{"x":-10.746626853942871,"y":1.1456398963928223,"z":4.37506103515625},"rotation":{"x":-0.22184348106384278,"y":0.7705262899398804,"z":-0.4796631932258606,"w":-0.35636770725250246},"size":4.830699443817139,"orthographic":false}