{"cameraMode":{"drawMode":0,"name":"Shaded","section":"Shading Mode"},"sceneLighting":true,"audioPlay":false,"sceneViewState":{"showFog":true,"showMaterialUpdate":false,"showSkybox":true,"showFlares":true,"showImageEffects":true,"showParticleSystems":true},"in2DMode":false,"pivot":{"x":-2.3282265663146974,"y":1.3515806198120118,"z":-0.13828086853027345},"rotation":{"x":-0.01783359795808792,"y":0.9619120955467224,"z":-0.2649848759174347,"w":-0.06473708897829056},"size":4.986522197723389,"orthographic":false}