{"cameraMode":{"drawMode":0,"name":"Shaded","section":"Shading Mode"},"sceneLighting":true,"audioPlay":false,"sceneViewState":{"showFog":true,"showMaterialUpdate":false,"showSkybox":true,"showFlares":true,"showImageEffects":true,"showParticleSystems":true},"in2DMode":false,"pivot":{"x":-1.9118610620498658,"y":2.115274429321289,"z":-0.5146839618682861},"rotation":{"x":-0.0004241845745127648,"y":0.9875706434249878,"z":-0.1571550965309143,"w":-0.002665539039298892},"size":4.686522006988525,"orthographic":false}